Sample,AF,Change,VP_x,Patient,Sample ID,Day,Sequencing Method,Serotype,ChangeNum,Group,1AYM_Position,1AYM_Position_Relative,SurfaceArea,VP_y,residue,REF,site,article,1AYM_Position_Annotated
SRR8356913,31.81,G89D,3.0,S03,BAL3,28.0,PCR-tiling,B97,89,12-30,420.0,91.0,,,,,,,
SRR8356913,15.2,N198S,1.0,S03,BAL3,28.0,PCR-tiling,B97,198,12-30,758.0,191.0,,,,,,,
SRR8356908,10.02,N198S,1.0,S04,BAL4,9.0,mNGS + PCR-tiling,B06,198,9,758.0,191.0,,,,,,,
SRR8356917,20.61,T180I,3.0,S03,NW3,29.0,mNGS + PCR-tiling,B97,180,12-30,511.0,182.0,,,,,,,
SRR8356917,33.78,I224M,1.0,S03,NW3,29.0,mNGS + PCR-tiling,B97,224,12-30,784.0,217.0,,,,,,,
SRR8356908,82.63,V200I,2.0,S04,BAL4,9.0,mNGS + PCR-tiling,B06,200,9,269.0,201.0,,,,,,,
SRR8356908,79.01,T265A,1.0,S04,BAL4,9.0,mNGS + PCR-tiling,B06,265,9,825.0,258.0,,,,,,,
SRR8356919,28.5,D177E,3.0,S04,NW4,8.0,PCR-tiling,B06,177,8,508.0,179.0,,,,,,,
SRR8356919,13.48,N61S,1.0,S04,NW4,8.0,PCR-tiling,B06,61,8,628.0,61.0,,,,,,,
SRR8356919,24.26,E95G,1.0,S04,NW4,8.0,PCR-tiling,B06,95,8,656.0,89.0,,1.0,95.0,HRV-B14,NIm-IA,2416951.0,E656N
SRR8356922,47.33,E91G,1.0,S11,BAL11b,73.0,PCR-tiling,A82,,68+,656.0,89.0,38%,1.0,95.0,HRV-B14,NIm-IA,2416951.0,E656N
SRR8356919,15.52,P155S,1.0,S04,NW4,8.0,PCR-tiling,B06,155,8,714.0,147.0,,,,,,,
SRR8356919,36.68,D220H,1.0,S04,NW4,8.0,PCR-tiling,B06,220,8,780.0,213.0,,,,,,,
SRR8356922,31.3,D215H,1.0,S11,BAL11b,73.0,PCR-tiling,A82,,68+,780.0,213.0,22%,,,,,,
SRR8356920,10.23,E64V,1.0,S02,NW2,0.0,mNGS,C36,64,0,631.0,64.0,,,,,,,
SRR8356927,99.11,I32V,2.0,S12,BAL12b,108.0,mNGS,C28,32,68+,100.0,32.0,,,,,,,
SRR8356927,88.36,G137S,2.0,S12,BAL12b,108.0,mNGS,C28,137,68+,205.0,137.0,,,,,,,
SRR8356905,11.81,T137I,2.0,S08,BAL8,13.0,mNGS,A78,,12-30,205.0,137.0,8%,,,,,,
SRR8356928,32.22,K140E,1.0,S12,BAL12a,72.0,mNGS,C28,140,68+,718.0,151.0,,,,,,,
SRR8356905,100.0,M154I,1.0,S08,BAL8,13.0,mNGS,A78,,12-30,718.0,151.0,19%,,,,,,
SRR8356910,45.1,V154I,1.0,S07,BAL7b,68.0,mNGS+ PCR-tiling,A58,,68+,718.0,151.0,19%,,,,,,
SRR8356928,13.35,V189I,1.0,S12,BAL12a,72.0,mNGS,C28,189,68+,769.0,202.0,,,,,,,
SRR8356929,27.69,A203T,1.0,S06,NW6,71.0,mNGS + PCR-tiling,A105,,68+,769.0,202.0,55%,,,,,,
SRR8356925,26.26,N166K,2.0,S09,BAL9b,12.0,mNGS,A102,,12-30,232.0,164.0,10%,,,,,,
SRR8356922,42.19,Y165S,2.0,S11,BAL11b,73.0,PCR-tiling,A82,,68+,232.0,164.0,10%,,,,,,
SRR8356925,58.71,Q185R,3.0,S09,BAL9b,12.0,mNGS,A102,,12-30,514.0,185.0,5%,,,,,,
SRR8356925,27.27,K275E,1.0,S09,BAL9b,12.0,mNGS,A102,,12-30,834.0,267.0,35%,,,,,,
SRR8356910,44.44,D270N,1.0,S07,BAL7b,68.0,mNGS+ PCR-tiling,A58,,68+,834.0,267.0,35%,,,,,,
SRR8356926,24.24,T74A,2.0,S09,BAL9a,0.0,mNGS,A102,,0,142.0,74.0,61%,,,,,,
SRR8356926,25.74,I123V,2.0,S09,BAL9a,0.0,mNGS,A102,,0,191.0,123.0,0%,,,,,,
SRR8356905,14.89,V140I,2.0,S08,BAL8,13.0,mNGS,A78,,12-30,208.0,140.0,12%,,,,,,
SRR8356905,22.37,I155T,2.0,S08,BAL8,13.0,mNGS,A78,,12-30,223.0,155.0,19%,,,,,,
SRR8356905,24.84,N164S,2.0,S08,BAL8,13.0,mNGS,A78,,12-30,230.0,162.0,43%,2.0,162.0,HRV-B14,NIm-II,2416951.0,V230N
SRR8356922,44.88,T163I,2.0,S11,BAL11b,73.0,PCR-tiling,A82,,68+,230.0,162.0,43%,2.0,162.0,HRV-B14,NIm-II,2416951.0,V230N
SRR8356905,11.21,S104N,3.0,S08,BAL8,13.0,mNGS,A78,,12-30,433.0,104.0,0%,,,,,,
SRR8356923,47.64,S103N,3.0,S11,BAL11c,90.0,PCR-tiling,A82,,68+,433.0,104.0,0%,,,,,,
SRR8356905,13.58,T219A,1.0,S08,BAL8,13.0,mNGS,A78,,12-30,783.0,216.0,0%,,,,,,
SRR8356905,21.21,Y263H,1.0,S08,BAL8,13.0,mNGS,A78,,12-30,827.0,260.0,0%,,,,,,
SRR8356924,97.09,N145K,2.0,S10,BAL10b,190.0,mNGS,A39,,68+,213.0,145.0,52%,,,,,,
SRR8356929,12.72,K145R,2.0,S06,NW6,71.0,mNGS + PCR-tiling,A105,,68+,213.0,145.0,52%,,,,,,
SRR8356924,96.13,H29Q,3.0,S10,BAL10b,190.0,mNGS,A39,,68+,358.0,29.0,82%,,,,,,
SRR8356924,87.1,P25S,1.0,S10,BAL10b,190.0,mNGS,A39,,68+,592.0,25.0,62%,,,,,,
SRR8356924,12.11,M141T,1.0,S10,BAL10b,190.0,mNGS,A39,,68+,707.0,140.0,0%,,,,,,
SRR8356924,53.93,V244I,1.0,S10,BAL10b,190.0,mNGS,A39,,68+,810.0,243.0,1%,,,,,,
SRR8356907,10.26,V57A,4.0,S05,BAL5,20.0,mNGS,A57,,12-30,57.0,57.0,,,,,,,
SRR8356907,10.13,S261N,2.0,S05,BAL5,20.0,mNGS,A57,,12-30,326.0,258.0,10%,,,,,,
SRR8356907,32.11,T260K,1.0,S05,BAL5,20.0,mNGS,A57,,12-30,826.0,259.0,0%,,,,,,
SRR8356930,11.99,K232Q,1.0,S05,NW5,15.0,mNGS,A57,,12-30,798.0,231.0,31%,,,,,,
SRR8356915,18.88,E45G,4.0,S11,NW11,83.0,mNGS + PCR-tiling,A82,,68+,45.0,45.0,,,,,,,
SRR8356915,28.47,F46L,4.0,S11,NW11,83.0,mNGS + PCR-tiling,A82,,68+,46.0,46.0,,,,,,,
SRR8356915,12.16,A29T,2.0,S11,NW11,83.0,mNGS + PCR-tiling,A82,,68+,97.0,29.0,0%,,,,,,
SRR8356915,41.57,R73G,2.0,S11,NW11,83.0,mNGS + PCR-tiling,A82,,68+,141.0,73.0,23%,,,,,,
SRR8356915,13.4,E161G,2.0,S11,NW11,83.0,mNGS + PCR-tiling,A82,,68+,228.0,160.0,82%,,,,,,
SRR8356915,15.95,V209I,2.0,S11,NW11,83.0,mNGS + PCR-tiling,A82,,68+,276.0,208.0,6%,,,,,,
SRR8356915,10.4,Y57C,3.0,S11,NW11,83.0,mNGS + PCR-tiling,A82,,68+,386.0,57.0,0%,,,,,,
SRR8356915,20.3,A171V,3.0,S11,NW11,83.0,mNGS + PCR-tiling,A82,,68+,501.0,172.0,70%,,,,,,
SRR8356915,55.61,D136G,1.0,S11,NW11,83.0,mNGS + PCR-tiling,A82,,68+,701.0,134.0,63%,,,,,,
SRR8356915,99.85,T188I,1.0,S11,NW11,83.0,mNGS + PCR-tiling,A82,,68+,753.0,186.0,53%,,,,,,
SRR8356922,99.54,I28V,2.0,S11,BAL11b,73.0,PCR-tiling,A82,,68+,96.0,28.0,0%,,,,,,
SRR8356923,79.9,E159G,2.0,S11,BAL11c,90.0,PCR-tiling,A82,,68+,227.0,159.0,29%,2.0,159.0,HRV-B14,NIm-II,2416951.0,A227Q
SRR8356923,85.72,V203A,1.0,S11,BAL11c,90.0,PCR-tiling,A82,,68+,768.0,201.0,34%,,,,,,
SRR8356909,25.0,T237A,3.0,S07,BAL7a,0.0,mNGS+ PCR-tiling,A58,,0,566.0,237.0,40%,,,,,,
SRR8356910,33.33,S74T,3.0,S07,BAL7b,68.0,mNGS+ PCR-tiling,A58,,68+,403.0,74.0,23%,,,,,,
SRR8356910,47.06,A139V,3.0,S07,BAL7b,68.0,mNGS+ PCR-tiling,A58,,68+,468.0,139.0,65%,,,,,,
SRR8356914,100.0,S76T,2.0,S07,NW7,13.0,mNGS,A58,,12-30,144.0,76.0,27%,,,,,,
SRR8356929,26.52,V110I,2.0,S06,NW6,71.0,mNGS + PCR-tiling,A105,,68+,178.0,110.0,0%,,,,,,
SRR8356929,16.58,Q226R,1.0,S06,NW6,71.0,mNGS + PCR-tiling,A105,,68+,792.0,225.0,49%,,,,,,
,,,,,,,,,,,226.0,,,2.0,158.0,HRV-B14,NIm-II,2416951.0,S226T
,,,,,,,,,,,229.0,,,2.0,161.0,HRV-B14,NIm-II,2416951.0,E229E
,,,,,,,,,,,402.0,,,3.0,72.0,HRV-B14,NIm-III,2416951.0,N402S
,,,,,,,,,,,405.0,,,3.0,75.0,HRV-B14,NIm-III,2416951.0,R405T
,,,,,,,,,,,408.0,,,3.0,78.0,HRV-B14,NIm-III,2416951.0,N408A
,,,,,,,,,,,652.0,,,1.0,85.0,HRV-B14,NIm-IB,2416951.0,K652V
,,,,,,,,,,,650.0,,,1.0,83.0,HRV-B14,NIm-IB,2416951.0,Q650D
,,,,,,,,,,,699.0,,,1.0,138.0,HRV-B14,NIm-IB,2416951.0,D699D
,,,,,,,,,,,638.0,,,1.0,85.0,HRV-A2,Vp1,1693662.0,F638L
,,,,,,,,,,,639.0,,,1.0,86.0,HRV-A2,Vp1,1693662.0,S639G
,,,,,,,,,,,645.0,,,1.0,92.0,HRV-A2,Vp1,1693662.0,G645H
,,,,,,,,,,,816.0,,,1.0,264.0,HRV-A2,Vp1,1693662.0,R816R
,,,,,,,,,,,819.0,,,1.0,267.0,HRV-A2,Vp1,1693662.0,R819R
,,,,,,,,,,,820.0,,,1.0,268.0,HRV-A2,Vp1,1693662.0,S820A
,,,,,,,,,,,821.0,,,1.0,269.0,HRV-A2,Vp1,1693662.0,E821V
,,,,,,,,,,,828.0,,,1.0,276.0,HRV-A2,Vp1,1693662.0,F828T
,,,,,,,,,,,830.0,,,1.0,278.0,HRV-A2,Vp1,1693662.0,N830N
,,,,,,,,,,,309.0,,,2.0,236.0,HRV-A2,Vp2,1693662.0,T309T
,,,,,,,,,,,311.0,,,2.0,238.0,HRV-A2,Vp2,1693662.0,T311S
,,,,,,,,,,,388.0,,,3.0,59.0,HRV-A2,Vp2,1693662.0,T388Q
